{"val_loss": [1.6200777632849557, 1.487373328904684, 1.3917020426014193, 1.3164524361426622, 1.2482644069129352, 1.204934060039702, 1.217464243769818, 1.1576687223613005, 1.1361487566546462, 1.1647687763604289, 1.0887666658596027, 1.0883100466451283, 1.0928128203433636, 1.0569947894960772, 1.0406875106097302, 1.0325538206913332, 1.063803867913505, 1.0493791082352444, 1.004790511650696, 0.986303781229993, 0.9940399421112878, 1.0146603536757386, 0.9722978736719827, 0.9922753365802407, 0.978143465687725, 0.9601189888339965, 0.9816866055350536, 0.970174921072139, 0.9687430205217024, 0.9768168103381479, 0.9578480051280928, 0.9595450701929867, 0.9817927217455965, 0.9604668695091064, 0.9778137189120579, 0.971108351922111, 0.980849772235349, 0.9377137417395106, 0.9575934418706115, 0.9528421429119094, 0.9178277977875301, 0.9082330283110144, 0.9008648976257377, 0.9161490770958297, 0.909944339109893, 0.9012395548910049, 0.9088541868965394, 0.9067665393281554, 0.9055662868133827, 0.9090644571347858, 0.9060891627989832, 0.9062781539207179, 0.9073252519476934, 0.9079911478404122, 0.91019558100575, 0.9024622714164732, 0.9096078493112224, 0.9015059759767715, 0.9010710305507663, 0.9028613677055152, 0.8997116522167639, 0.9041898376987836, 0.900929575846809, 0.9006035907941552, 0.9046588358387235, 0.9008161276578903, 0.8939632623397488, 0.8882657643929619, 0.9054500679513754, 0.901544118988414, 0.8935334912547829, 0.9034808964028037, 0.9007410546390695, 0.9002138067621331, 0.9055119223141388, 0.9031372881459212, 0.9032134186219218, 0.9043040145376934, 0.9058131463470503, 0.9087839406613358, 0.9006628324034172, 0.9083143088969837, 0.8998756422468845, 0.8993839206326322, 0.902402738311049, 0.8990359601861513, 0.9039217946295861, 0.9013352041057133, 0.9001948605104527, 0.9040935084641376], "val_acc": [0.337890625, 0.4050852354896857, 0.4406240970903792, 0.4750072233544647, 0.5082346143077751, 0.5296157180091887, 0.5212366368446141, 0.5452181450792284, 0.553886160077955, 0.5602427044292986, 0.5694885871221619, 0.5781566021467213, 0.5775787344741119, 0.5934700953567762, 0.6044495810545514, 0.6030049118837915, 0.5894250217044812, 0.6004045073721183, 0.6180294712855271, 0.6243860156368707, 0.6163504464285714, 0.6243860156368707, 0.6261196186417826, 0.6258306848076305, 0.6292978908174542, 0.6428777810225973, 0.6316093614906702, 0.6327650968014453, 0.633920832163886, 0.6269864201442384, 0.6373880381737097, 0.6304536261540622, 0.6353655013346459, 0.6370991043395577, 0.633342964495582, 0.6405663103493815, 0.6394105750127735, 0.6440335163592052, 0.6420109795201414, 0.6521236637154606, 0.6609933035714286, 0.6648367524181478, 0.6648367524181478, 0.6622363479107799, 0.6648367524181478, 0.6668592892572116, 0.661658480242476, 0.6631031494132359, 0.6645478185839957, 0.6628142155790838, 0.6636810170815398, 0.6633920832473879, 0.6625252817449319, 0.660502744905868, 0.6622363479107799, 0.6648367524181478, 0.661658480242476, 0.6665703554230596, 0.6645478185839957, 0.6648367524181478, 0.6665703554230596, 0.6648367524181478, 0.6645478185839957, 0.6657035539206037, 0.6659924877547556, 0.6637834821428571, 0.6671482230913636, 0.6665703554230596, 0.6631031494132359, 0.6665703554230596, 0.6680150245938195, 0.6628142155790838, 0.6645478185839957, 0.6642588847498437, 0.6631031494132359, 0.6633920832473879, 0.6636810170815398, 0.6633920832473879, 0.66079167874002, 0.661369546408324, 0.6654146200864517, 0.661658480242476, 0.6654146200864517, 0.6654146200864517, 0.6639699509156918, 0.6680150245938195, 0.6642588847498437, 0.6654146200864517, 0.6665703554230596, 0.6654146200864517], "loss": [2.2548126370779107, 1.7587258601129432, 1.571864344967675, 1.4544370718422082, 1.3868950563850015, 1.3372001730450171, 1.2981000224169488, 1.2680327404138068, 1.240135717815734, 1.2132285264193947, 1.1979610963121496, 1.1777638017303327, 1.1562540335416802, 1.1391952704367263, 1.1277674246833704, 1.1090699973831626, 1.0986233211365313, 1.0847311124254075, 1.0730349771275172, 1.0613038921317828, 1.0463690632688147, 1.0405558850257126, 1.0325882916941669, 1.021410152420888, 1.0122839091252147, 1.0095686616713562, 0.9972091212611657, 0.9858915904917896, 0.9864254885584732, 0.9839462694417379, 0.9684062322935937, 0.9763219708083521, 0.9624179250080946, 0.9539027795769603, 0.9503995485254233, 0.9416111597157789, 0.940412891907537, 0.9267958007313123, 0.9271101510252389, 0.9173304685426515, 0.9012682871626956, 0.89880836498812, 0.8920515024913525, 0.8851278426160772, 0.8848537106714348, 0.8876883740947477, 0.8765815483035169, 0.8795391731997791, 0.8808655814491197, 0.8784157833339478, 0.8822503386624594, 0.8749100126941035, 0.8778341782547262, 0.8756729136182823, 0.8752750847347222, 0.8801373209505684, 0.8757771462695284, 0.8765900025574281, 0.870915668591138, 0.8674701516696085, 0.8686495047349517, 0.8758734191282773, 0.8667266674323869, 0.8668283533713811, 0.8648565844551711, 0.8643625296120133, 0.8673895286014701, 0.8678965811415611, 0.8611495824846342, 0.8628570030515612, 0.8640477191050088, 0.8670572976794763, 0.8640964820484164, 0.8670141460021228, 0.8739533514302646, 0.8654897783419129, 0.8662031126745577, 0.8607701743872411, 0.8630766700774025, 0.8642705805068678, 0.8697420674417932, 0.8678148067221507, 0.8660926128287982, 0.8632760671925117, 0.8658937354446696, 0.872331650713577, 0.8701051640621505, 0.8723259701538126, 0.8661847303693713, 0.8704449308591736], "acc": [0.22066824776785715, 0.2969105349614002, 0.3673069521522535, 0.4205941009657457, 0.45498757916306654, 0.4790595150311721, 0.4922850844893945, 0.5086945873028227, 0.5192960358206985, 0.5329414645718176, 0.5387145306364092, 0.5545292327320687, 0.5549490920228799, 0.567964731819013, 0.5733529267382502, 0.5789160630875733, 0.5888877226170955, 0.5917567614682189, 0.5985794758588979, 0.6029180224875006, 0.6074916294642857, 0.6130296350910199, 0.6124698225864857, 0.6201672439711835, 0.621846681380513, 0.6252405444009363, 0.6277946887834299, 0.6340925789756123, 0.6359119694881353, 0.6383611490338491, 0.642979601852155, 0.6388859731906364, 0.6459885938189844, 0.6488926209490343, 0.6519016129367184, 0.6562051712655399, 0.6527413316518105, 0.6628529442824408, 0.6583744445944395, 0.6649522410326326, 0.6700265066964286, 0.6735243693633833, 0.6749938770491024, 0.6776179979977909, 0.6763584199063836, 0.6768132675470271, 0.6804170602827191, 0.6796823064252614, 0.6793674118794695, 0.6781078338381133, 0.6821314859438642, 0.6802771071461583, 0.6814667086651142, 0.6832161226114422, 0.6803820719975362, 0.6787726111669145, 0.6807319547930581, 0.681641650059747, 0.6837759350325578, 0.6857002904214843, 0.6855603372786669, 0.6841957944422404, 0.6875896574564074, 0.6839508764897545, 0.6865050207888295, 0.6825125558035714, 0.6850355130947686, 0.6834610405701844, 0.684125817842678, 0.6845806654687233, 0.6863650676939779, 0.6839508764834982, 0.6867499387413154, 0.683566005415306, 0.6816066617453675, 0.6874846926550806, 0.6849655365577701, 0.6844407123384189, 0.6853504076405605, 0.6852454427537297, 0.6854903607416685, 0.6831461460181362, 0.684230782658603, 0.6850355131156233, 0.6818865679621817, 0.6814667086651142, 0.6853154193261811, 0.6819565445346331, 0.6853154193053265, 0.681816591468978]}